City,Lat,Lng,Max Temp,Humidity,Cloudiness,Wind Speed,Country,Date
barcelona,10.18,-65.04,80.6,74.0,0.0,4.7,ES,1595357526.0
portland,-54.07,132.47,81.0,56.0,1.0,6.93,US,1595357808.0
aykhal,67.13,107.26,44.6,93.0,90.0,8.95,RU,1595357824.0
qaanaaq,89.15,-80.58,48.67,54.0,0.0,3.02,GL,1595357824.0
punta arenas,-55.51,-99.24,30.2,92.0,10.0,6.93,CL,1595357764.0
port alfred,-83.97,41.18,66.24,40.0,0.0,10.09,ZA,1595357825.0
quatre cocos,-15.68,70.67,69.8,52.0,75.0,8.05,MU,1595357703.0
chuy,-50.5,-32.19,70.18,82.0,100.0,4.43,UY,1595357825.0
bethel,45.2,-169.91,89.01,45.0,20.0,6.93,US,1595357573.0
gonaives,19.36,-73.05,87.8,62.0,20.0,13.87,HT,1595357826.0
saskylakh,86.11,120.81,48.09,79.0,100.0,13.91,RU,1595357760.0
marysville,39.18,-121.55,79.0,69.0,1.0,4.7,US,1595357802.0
albany,-51.86,108.88,87.01,44.0,68.0,8.75,US,1595357776.0
saint george,36.22,-67.0,100.4,16.0,1.0,13.87,US,1595357761.0
kapaa,26.11,-165.67,80.6,78.0,75.0,12.75,US,1595357827.0
khatanga,70.84,106.18,52.36,70.0,5.0,9.78,RU,1595357827.0
georgetown,-11.32,-9.72,78.8,100.0,40.0,3.36,MY,1595357698.0
hobart,-48.47,149.82,46.99,61.0,100.0,6.93,AU,1595357827.0
ternate,3.5,129.62,80.46,77.0,82.0,2.75,ID,1595357828.0
new norfolk,-67.77,127.27,46.99,86.0,100.0,1.01,AU,1595357828.0
huarmey,-12.57,-84.64,66.38,69.0,48.0,10.29,PE,1595357828.0
hilo,14.2,-134.3,78.8,61.0,75.0,3.67,US,1595357665.0
kerouane,9.88,-8.76,74.7,86.0,13.0,2.13,GN,1595357828.0
butaritari,29.69,178.77,80.06,79.0,100.0,10.69,KI,1595357829.0
cape town,-47.39,8.74,57.2,93.0,0.0,4.7,ZA,1595357696.0
rikitea,-44.96,-138.68,66.27,60.0,98.0,16.78,PF,1595357829.0
yar-sale,77.34,70.35,45.72,69.0,0.0,2.53,RU,1595357829.0
atuona,-0.21,-150.6,79.52,76.0,7.0,18.61,PF,1595357829.0
sistranda,66.02,7.43,52.0,87.0,40.0,13.87,NO,1595357830.0
avarua,-31.21,-159.47,73.4,94.0,57.0,26.4,CK,1595357830.0
puerto ayora,-10.82,-106.74,77.0,65.0,75.0,6.93,EC,1595357830.0
omaruru,-20.96,16.21,56.86,35.0,0.0,7.96,NA,1595357830.0
bunol,39.52,-0.64,82.0,60.0,0.0,3.0,ES,1595357830.0
kabardinka,44.56,37.89,66.2,88.0,0.0,2.24,RU,1595357831.0
hithadhoo,-9.32,74.25,84.25,76.0,100.0,10.87,MV,1595357700.0
rundu,-19.35,19.58,66.2,24.0,0.0,3.36,NA,1595357617.0
villarrobledo,39.39,-2.61,82.99,44.0,4.0,8.01,ES,1595357831.0
busselton,-66.2,82.26,57.0,75.0,7.0,10.67,AU,1595357831.0
half moon bay,35.06,-125.62,73.0,72.0,75.0,17.22,US,1595357749.0
mahebourg,-40.01,73.62,69.8,52.0,75.0,8.05,MU,1595357832.0
ilulissat,74.46,-42.57,53.6,54.0,75.0,6.93,GL,1595357832.0
cabo san lucas,7.04,-121.15,91.4,54.0,20.0,17.22,MX,1595357580.0
dikson,72.61,77.27,38.41,94.0,100.0,14.2,RU,1595357832.0
upernavik,89.42,-51.77,49.64,59.0,100.0,1.43,GL,1595357833.0
bathsheba,16.48,-49.87,89.6,59.0,40.0,20.8,BB,1595357833.0
ushuaia,-86.97,-44.66,35.6,79.0,99.0,4.7,AR,1595357697.0
mogadishu,-2.44,48.99,77.18,80.0,26.0,20.67,SO,1595357607.0
rapid valley,42.75,-102.5,77.0,53.0,1.0,5.82,US,1595357833.0
lebu,-34.28,-95.16,53.62,76.0,100.0,12.19,CL,1595357834.0
mackay,-21.16,151.09,63.0,93.0,40.0,6.93,AU,1595357834.0
thompson,78.67,-94.58,78.8,41.0,75.0,9.17,CA,1595357598.0
behbahan,30.26,50.23,91.4,17.0,0.0,5.17,IR,1595357834.0
bredasdorp,-78.87,19.17,59.0,87.0,0.0,9.17,ZA,1595357790.0
carnarvon,-27.09,109.02,57.2,100.0,0.0,8.05,AU,1595357743.0
marsh harbour,28.85,-74.35,83.98,75.0,100.0,15.41,BS,1595357835.0
port hedland,-19.05,118.21,60.8,63.0,0.0,6.93,AU,1595357835.0
bengkulu,-18.72,93.63,77.38,84.0,99.0,5.46,ID,1595357835.0
berlevag,81.4,30.04,51.8,100.0,90.0,1.12,NO,1595357836.0
boddam,56.99,0.27,55.4,71.0,17.0,9.17,GB,1595357836.0
kirovskiy,45.53,48.55,61.68,93.0,0.0,2.95,RU,1595357836.0
esperance,-40.79,123.54,48.2,70.0,0.0,17.22,AU,1595357836.0
vaini,-88.19,-168.75,57.2,93.0,20.0,2.04,TO,1595357837.0
arraial do cabo,-51.44,-18.61,78.8,69.0,0.0,10.29,BR,1595357727.0
cherskiy,69.45,161.84,67.03,43.0,44.0,7.74,RU,1595357837.0
khandyga,64.43,135.53,57.02,63.0,0.0,0.94,RU,1595357837.0
katobu,-6.05,124.64,74.34,90.0,0.0,5.23,ID,1595357838.0
koshki,54.09,50.59,63.9,78.0,76.0,3.74,RU,1595357838.0
bela,26.63,65.44,87.44,67.0,100.0,4.29,IN,1595357838.0
altay,47.89,87.09,61.97,75.0,100.0,0.76,CN,1595357838.0
hermanus,-66.03,5.72,52.0,93.0,0.0,3.58,ZA,1595357702.0
cayenne,13.67,-43.34,86.0,66.0,75.0,13.87,GF,1595357839.0
gisborne,-40.03,178.69,48.99,71.0,100.0,1.99,NZ,1595357839.0
coquimbo,-29.94,-80.25,60.8,67.0,40.0,12.75,CL,1595357719.0
tessalit,23.52,0.95,99.79,16.0,73.0,13.15,ML,1595357839.0
ostrovnoy,73.08,42.97,62.56,72.0,0.0,11.74,RU,1595357840.0
puerto escondido,6.07,-99.96,87.8,62.0,90.0,6.93,MX,1595357840.0
braintree,51.93,0.51,68.0,46.0,6.0,4.18,GB,1595357840.0
candolim,14.18,70.79,81.45,87.0,100.0,4.94,IN,1595357840.0
tuktoyaktuk,80.47,-138.67,41.0,80.0,90.0,4.7,CA,1595357841.0
mason city,43.31,-93.01,78.01,78.0,40.0,9.17,US,1595357667.0
mitu,1.42,-69.86,87.3,60.0,96.0,0.2,CO,1595357841.0
mataura,-70.97,-155.9,39.0,83.0,100.0,3.0,NZ,1595357841.0
castro,-46.25,-100.95,70.93,57.0,0.0,6.13,BR,1595357842.0
yellowknife,70.66,-114.88,70.0,93.0,75.0,3.36,CA,1595357766.0
mount gambier,-55.98,129.33,46.4,100.0,90.0,3.36,AU,1595357714.0
canto do buriti,-8.02,-42.57,89.47,34.0,0.0,12.12,BR,1595357842.0
comodoro rivadavia,-48.73,-64.47,42.8,75.0,40.0,13.87,AR,1595357842.0
clyde river,71.9,-80.22,44.6,93.0,75.0,4.7,CA,1595357843.0
saint-philippe,-50.12,65.59,66.2,77.0,75.0,10.29,RE,1595357843.0
talas,42.45,72.8,73.4,49.0,0.0,14.99,TR,1595357843.0
ngunguru,-30.87,178.84,46.99,3.0,3.0,8.01,NZ,1595357843.0
san carlos de bariloche,-39.69,-70.23,35.01,89.0,90.0,10.29,AR,1595357818.0
cidreira,-55.48,-20.62,72.46,69.0,100.0,2.66,BR,1595357844.0
fria,10.92,-13.72,72.99,98.0,100.0,4.25,GN,1595357844.0
ingraj bazar,24.87,88.25,82.6,85.0,95.0,1.41,IN,1595357844.0
pacific grove,27.85,-135.86,72.0,72.0,40.0,5.82,US,1595357691.0
isfana,39.4,69.38,78.8,41.0,0.0,15.66,KG,1595357844.0
dawson creek,56.45,-119.77,64.4,77.0,75.0,6.93,CA,1595357845.0
rio grande,-33.97,-50.91,86.0,40.0,100.0,5.82,BR,1595357680.0
aranos,-24.94,19.42,56.12,32.0,0.0,9.46,NA,1595357845.0
bluff,-63.03,172.61,39.0,83.0,99.0,3.0,NZ,1595357845.0
acapulco,4.52,-105.22,84.2,74.0,75.0,4.7,MX,1595357749.0
charters towers,-21.19,146.68,58.32,83.0,100.0,5.35,AU,1595357846.0
chokurdakh,87.28,143.73,69.06,49.0,100.0,11.05,RU,1595357846.0
nikolskoye,47.98,165.93,68.0,77.0,75.0,11.18,RU,1595357846.0
mali,12.35,-12.45,80.6,83.0,75.0,6.93,GN,1595357846.0
murray bridge,-35.77,139.52,43.0,88.0,22.0,1.79,AU,1595357847.0
hami,42.77,93.26,75.45,45.0,7.0,6.38,CN,1595357847.0
samarinda,-0.69,118.13,73.63,96.0,0.0,1.05,ID,1595357847.0
san luis,4.04,-75.11,52.81,70.0,90.0,9.91,AR,1595357847.0
wanaka,-42.84,168.83,32.2,92.0,23.0,5.88,NZ,1595357848.0
tiarei,-14.8,-147.03,78.8,74.0,20.0,5.82,PF,1595357848.0
koblenz,50.34,7.61,64.99,48.0,0.0,3.87,DE,1595357848.0
adrar,25.69,-0.3,101.64,18.0,100.0,11.41,MR,1595357849.0
souillac,-31.37,62.24,69.8,52.0,75.0,8.05,MU,1595357849.0
kavieng,5.47,153.99,81.88,75.0,2.0,5.55,PG,1595357849.0
tynda,54.79,124.9,50.45,87.0,77.0,1.59,RU,1595357849.0
lilongwe,-14.42,33.72,62.29,62.0,90.0,5.19,MW,1595357656.0
fortuna,40.6,-126.56,60.01,87.0,75.0,8.05,US,1595357850.0
mar del plata,-63.41,-33.3,52.0,93.0,90.0,17.22,AR,1595357850.0
sabang,7.87,93.63,82.53,70.0,100.0,3.47,ID,1595357851.0
jamestown,-30.23,-17.76,79.0,73.0,90.0,3.51,US,1595357851.0
beloha,-29.65,43.74,62.53,68.0,33.0,10.2,MG,1595357851.0
novyy urgal,51.09,132.29,52.07,82.0,0.0,0.83,RU,1595357851.0
leningradskiy,83.02,176.87,46.63,67.0,100.0,9.78,RU,1595357852.0
talnakh,80.94,93.17,50.0,93.0,57.0,20.13,RU,1595357852.0
constitucion,15.15,-124.03,54.64,76.0,97.0,8.81,CL,1595357852.0
vanavara,63.06,103.07,49.55,90.0,0.0,1.39,RU,1595357852.0
paka,5.83,106.59,77.0,100.0,38.0,2.24,MY,1595357853.0
faya,20.54,22.23,66.2,88.0,92.0,4.7,SA,1595357853.0
airai,15.92,135.77,54.59,96.0,90.0,3.44,TL,1595357853.0
kaitangata,-58.3,173.73,41.0,69.0,34.0,8.01,NZ,1595357853.0
hualmay,-15.94,-87.38,65.64,67.0,7.0,9.04,PE,1595357853.0
ponta do sol,20.39,-42.09,71.01,68.0,4.0,1.45,PT,1595357854.0
pahrump,37.28,-117.03,98.6,10.0,1.0,4.7,US,1595357854.0
calafell,40.8,1.67,82.0,100.0,0.0,4.43,ES,1595357854.0
samsun,41.07,36.45,75.2,69.0,75.0,9.17,TR,1595357555.0
kalevala,65.15,31.4,64.89,76.0,100.0,3.53,RU,1595357854.0
beringovskiy,60.24,178.09,47.55,77.0,0.0,4.32,RU,1595357855.0
pochutla,12.78,-95.35,75.2,83.0,90.0,3.36,MX,1595357629.0
ozernovskiy,51.13,158.41,48.45,92.0,71.0,0.54,RU,1595357855.0
warrington,26.0,-87.67,66.0,63.0,37.0,5.82,GB,1595357855.0
ribeira grande,30.83,-30.71,73.4,69.0,75.0,8.05,PT,1595357855.0
klaksvik,77.49,-4.51,53.6,81.0,0.0,11.41,FO,1595357856.0
morgan city,28.71,-91.49,87.8,74.0,75.0,9.17,US,1595357856.0
komsomolskiy,69.16,173.26,73.4,46.0,0.0,6.93,UZ,1595357856.0
yambio,4.89,28.26,69.3,95.0,100.0,1.43,SS,1595357857.0
reconquista,-29.54,-60.67,85.89,44.0,100.0,10.74,AR,1595357857.0
teguise,30.94,-14.48,77.0,61.0,20.0,19.46,ES,1595357857.0
dunmore town,25.88,-76.12,83.44,77.0,100.0,15.35,BS,1595357857.0
huicheng,22.8,116.55,82.4,88.0,20.0,3.56,CN,1595357857.0
llanes,43.8,-4.78,71.01,74.0,100.0,6.62,ES,1595357858.0
east london,-77.5,53.27,64.18,56.0,0.0,8.3,ZA,1595357858.0
zhigansk,71.88,123.12,56.98,95.0,100.0,16.71,RU,1595357858.0
san rafael,-36.26,-67.83,47.68,77.0,100.0,10.92,AR,1595357764.0
makakilo city,5.35,-165.57,80.6,61.0,1.0,4.7,US,1595357858.0
kruisfontein,-60.41,25.42,62.56,29.0,0.0,7.18,ZA,1595357859.0
san patricio,5.49,-113.43,91.4,70.0,5.0,9.17,MX,1595357859.0
sinazongwe,-18.09,28.33,65.32,51.0,0.0,3.51,ZM,1595357859.0
namatanai,2.37,156.23,78.76,85.0,78.0,6.02,PG,1595357764.0
kopervik,58.61,4.8,57.2,67.0,40.0,14.99,NO,1595357860.0
adeje,26.92,-17.6,78.01,61.0,0.0,25.28,ES,1595357860.0
valley station,38.27,-86.12,93.99,55.0,75.0,3.36,US,1595357860.0
muravlenko,63.86,71.69,50.86,67.0,0.0,11.88,RU,1595357860.0
mongo,11.22,18.95,82.13,65.0,45.0,4.56,TD,1595357861.0
namibe,-15.26,8.91,66.43,75.0,40.0,1.3,AO,1595357647.0
tres arroyos,-38.31,-60.44,49.64,91.0,100.0,15.64,AR,1595357652.0
torbay,50.43,-43.48,80.01,78.0,40.0,21.92,CA,1595357862.0
bom jesus,-9.22,-44.02,91.13,30.0,0.0,8.68,BR,1595357862.0
bubaque,8.21,-21.21,78.6,82.0,100.0,12.19,GW,1595357862.0
pangody,71.29,74.19,46.76,77.0,0.0,9.19,RU,1595357863.0
kondratovo,57.96,56.19,60.8,100.0,75.0,2.24,RU,1595357863.0
taltal,-26.1,-74.2,63.59,56.0,100.0,3.87,CL,1595357863.0
puerto el triunfo,11.52,-88.76,91.4,46.0,40.0,9.17,SV,1595357864.0
cairo,30.12,31.51,86.0,48.0,0.0,14.99,EG,1595357385.0
ponta delgada,32.62,-26.74,69.8,73.0,40.0,9.17,PT,1595357864.0
glendive,47.7,-105.56,81.0,50.0,1.0,4.7,US,1595357837.0
joshimath,32.9,81.46,61.54,55.0,55.0,1.25,IN,1595357864.0
nazas,25.6,-104.3,84.09,39.0,9.0,7.63,MX,1595357865.0
aragarcas,-16.25,-52.32,89.6,40.0,0.0,9.17,BR,1595357804.0
solok,-1.36,100.82,70.57,88.0,93.0,1.45,ID,1595357865.0
karachi,25.06,66.61,87.8,70.0,75.0,11.41,PK,1595357865.0
tevaitoa,-18.63,-152.87,77.81,80.0,53.0,24.85,PF,1595357865.0
kiama,-35.09,151.7,46.0,86.0,15.0,5.66,AU,1595357866.0
ribeira brava,30.77,-17.65,71.01,87.0,3.0,3.0,PT,1595357866.0
port elizabeth,-78.77,33.06,53.6,93.0,0.0,2.24,ZA,1595357725.0
jiayuguan,40.89,98.81,71.33,30.0,88.0,2.48,CN,1595357866.0
kahului,35.79,-148.28,80.6,65.0,40.0,9.17,US,1595357735.0
paramonga,-11.1,-78.48,65.68,68.0,32.0,9.53,PE,1595357867.0
bandarbeyla,8.37,59.36,78.75,70.0,2.0,32.01,SO,1595357867.0
kargasok,59.46,80.55,57.97,76.0,100.0,12.33,RU,1595357867.0
sandwick,58.93,-1.58,53.6,81.0,20.0,5.82,GB,1595357867.0
conceicao da barra,-19.33,-38.21,75.18,73.0,3.0,7.96,BR,1595357868.0
yulara,-30.65,127.85,51.8,71.0,90.0,5.82,AU,1595357868.0
mweka,-4.18,21.36,74.21,31.0,0.0,0.81,CD,1595357868.0
maharajganj,26.12,84.55,79.3,91.0,82.0,4.83,IN,1595357868.0
grindavik,54.79,-27.66,51.8,62.0,75.0,4.7,IS,1595357869.0
college,70.45,-146.64,53.6,87.0,90.0,10.29,US,1595357869.0
la seyne-sur-mer,42.09,5.82,82.99,86.0,0.0,5.01,FR,1595357869.0
trincomalee,8.32,81.06,82.92,76.0,100.0,3.02,LK,1595357870.0
sao joao da barra,-24.1,-36.91,80.6,61.0,1.0,14.99,BR,1595357699.0
chapais,55.27,-72.84,66.2,52.0,40.0,10.29,CA,1595357870.0
ancud,-39.93,-80.74,51.8,66.0,100.0,5.82,CL,1595357870.0
san quintin,25.47,-124.4,72.55,66.0,2.0,13.31,MX,1595357756.0
cedar city,38.86,-113.58,80.6,21.0,75.0,12.75,US,1595357752.0
borogontsy,63.71,131.11,56.44,85.0,100.0,8.7,RU,1595357871.0
tecpan,14.45,-102.17,77.0,57.0,40.0,9.17,GT,1595357871.0
kletskaya,49.0,43.29,71.46,55.0,1.0,7.2,RU,1595357871.0
aklavik,74.6,-140.02,44.6,87.0,90.0,9.17,CA,1595357872.0
salina,39.2,-97.29,81.0,65.0,40.0,4.7,US,1595357872.0
oksfjord,74.37,21.55,53.01,100.0,75.0,10.29,NO,1595357872.0
san andres,13.26,-79.45,89.6,70.0,40.0,12.75,CO,1595357872.0
yaan,32.83,99.91,74.5,93.0,99.0,5.88,NG,1595357872.0
merauke,-8.56,140.92,75.09,88.0,54.0,10.49,ID,1595357705.0
quang ngai,15.99,109.6,76.68,89.0,1.0,4.25,VN,1595357873.0
guerrero negro,16.54,-126.75,77.14,55.0,5.0,14.03,MX,1595357873.0
tuatapere,-51.32,163.57,39.0,83.0,55.0,3.0,NZ,1595357874.0
guiratinga,-16.36,-53.21,87.78,24.0,0.0,6.58,BR,1595357874.0
belozerskoye,55.94,65.81,59.18,75.0,9.0,5.64,RU,1595357874.0
bara,14.96,28.98,80.06,69.0,42.0,8.32,NG,1595357652.0
boende,-1.89,20.5,77.77,58.0,30.0,1.32,CD,1595357875.0
malartic,48.23,-77.84,72.0,49.0,75.0,6.93,CA,1595357875.0
boyolangu,-10.07,111.18,74.25,91.0,58.0,4.94,ID,1595357875.0
vuktyl,63.61,58.95,60.55,66.0,0.0,5.79,RU,1595357875.0
tasiilaq,67.01,-30.67,48.2,66.0,20.0,11.41,GL,1595357764.0
gushikawa,26.04,128.37,82.4,94.0,1.0,3.36,JP,1595357876.0
lysyanka,49.15,30.86,65.14,89.0,99.0,9.17,UA,1595357876.0
lethem,2.78,-58.79,79.29,78.0,100.0,0.67,GY,1595357876.0
boguchany,59.46,96.28,60.39,55.0,100.0,5.53,RU,1595357876.0
ahipara,-31.87,170.71,52.02,77.0,58.0,21.65,NZ,1595357877.0
santa vitoria do palmar,-36.2,-48.76,70.7,79.0,100.0,4.54,BR,1595357877.0
marshall,44.75,-95.5,93.99,52.0,40.0,4.18,US,1595357630.0
victoria,-8.7,53.76,84.0,83.0,0.0,8.99,HK,1595357824.0
thohoyandou,-22.82,30.44,54.52,56.0,0.0,0.67,ZA,1595357877.0
narsaq,86.52,-60.81,68.0,40.0,40.0,6.93,GL,1595357878.0
grand-lahou,3.4,-5.24,75.92,89.0,99.0,9.98,CI,1595357878.0
amazar,53.38,120.94,46.89,90.0,6.0,2.71,RU,1595357878.0
vardo,81.35,35.19,57.2,87.0,44.0,5.82,NO,1595357878.0
barreirinhas,-1.65,-42.83,82.98,71.0,23.0,6.6,BR,1595357879.0
ossora,59.91,162.31,51.08,71.0,1.0,6.49,RU,1595357879.0
hasaki,36.01,143.7,75.2,94.0,75.0,5.82,JP,1595357879.0
les cayes,17.93,-74.34,86.14,64.0,98.0,9.33,HT,1595357879.0
dwarka,20.8,66.67,84.11,78.0,100.0,14.79,IN,1595357880.0
la orilla,17.17,-103.24,86.47,71.0,26.0,5.93,MX,1595357880.0
palana,59.95,157.97,50.97,67.0,0.0,4.63,RU,1595357647.0
barrow,88.43,-163.5,33.8,80.0,90.0,5.82,US,1595357880.0
marystown,44.71,-54.54,67.8,79.0,18.0,16.96,CA,1595357880.0
koumac,-23.77,160.93,63.63,71.0,0.0,10.2,NC,1595357881.0
birao,10.49,24.12,75.65,76.0,100.0,2.68,CF,1595357881.0
vao,-29.97,167.34,69.19,75.0,94.0,14.99,NC,1595357881.0
zimovniki,46.83,42.87,69.35,79.0,0.0,8.88,RU,1595357881.0
puerto penasco,31.65,-114.1,88.0,76.0,0.0,17.0,MX,1595357747.0
amuntai,-1.73,114.29,74.1,94.0,0.0,0.18,ID,1595357882.0
trinidad,37.3,-103.94,91.4,59.0,20.0,11.41,BO,1595357882.0
port blair,12.83,88.7,81.43,77.0,100.0,3.13,IN,1595357882.0
develi,38.52,35.16,73.4,49.0,0.0,14.99,TR,1595357882.0
evensk,63.78,160.7,60.26,57.0,0.0,3.36,RU,1595357882.0
pisco,-19.23,-84.8,66.0,77.0,8.0,11.41,PE,1595357883.0
umm kaddadah,11.55,25.18,91.92,33.0,100.0,7.09,SD,1595357883.0
marzuq,25.28,13.56,83.97,51.0,100.0,7.11,YE,1595357883.0
strezhevoy,61.28,77.52,60.8,67.0,7.0,2.24,RU,1595357883.0
nicoya,5.37,-88.87,86.0,74.0,75.0,8.05,CR,1595357884.0
vila velha,-22.87,-35.52,78.01,73.0,40.0,13.87,BR,1595357717.0
port-gentil,-0.2,3.06,77.0,83.0,20.0,12.33,GA,1595357884.0
riyadh,25.96,47.11,105.8,8.0,6.0,12.75,SA,1595357884.0
nanga eboko,5.37,12.92,69.37,94.0,100.0,2.19,CM,1595357884.0
goure,15.45,11.55,84.99,60.0,0.0,0.92,NE,1595357884.0
bogorodskoye,52.23,139.2,59.25,96.0,72.0,4.5,RU,1595357885.0
puerto quijarro,-17.67,-58.37,95.23,21.0,0.0,4.59,BO,1595357885.0
puerto carreno,6.44,-67.9,86.0,58.0,40.0,6.93,CO,1595357885.0
port lincoln,-42.62,131.88,49.33,71.0,10.0,5.68,AU,1595357885.0
melbu,69.8,13.92,51.8,93.0,75.0,4.7,NO,1595357886.0
nelson bay,-37.22,160.67,46.99,93.0,10.0,4.7,AU,1595357886.0
nehe,48.73,125.05,64.42,62.0,53.0,6.85,CN,1595357886.0
langsa,5.56,98.47,74.08,92.0,100.0,2.53,ID,1595357886.0
pevek,77.89,168.8,48.96,60.0,100.0,6.15,RU,1595357886.0
lagoa,50.38,-26.05,69.44,73.0,0.0,4.88,PT,1595357887.0
nioro,18.57,-8.77,79.43,84.0,100.0,6.93,GM,1595357887.0
tiksi,83.44,130.91,48.56,87.0,96.0,5.95,RU,1595357887.0
quelimane,-20.1,37.29,64.89,83.0,0.0,4.61,MZ,1595357887.0
pakokku,20.99,95.41,81.5,72.0,100.0,10.42,MM,1595357888.0
mehamn,80.79,28.7,51.8,100.0,90.0,1.12,NO,1595357888.0
seoul,36.71,127.64,75.2,88.0,90.0,2.08,KR,1595357653.0
cururupu,4.05,-41.85,79.54,90.0,93.0,4.23,BR,1595357888.0
iqaluit,59.68,-70.09,50.0,81.0,90.0,5.82,CA,1595357888.0
prince george,54.07,-121.93,64.4,82.0,75.0,9.17,CA,1595357889.0
rocha,-53.08,-37.56,67.37,89.0,100.0,4.36,UY,1595357889.0
vila do maio,14.73,-22.23,84.2,58.0,85.0,6.93,CV,1595357889.0
pringsewu,-6.86,103.68,73.44,94.0,31.0,1.99,ID,1595357889.0
severo-kurilsk,36.11,164.86,48.6,89.0,17.0,4.29,RU,1595357890.0
sorland,72.85,10.24,55.4,76.0,75.0,9.17,NO,1595357890.0
merisani,45.0,24.68,69.08,72.0,39.0,3.98,RO,1595357890.0
geraldton,-29.22,112.96,50.0,93.0,0.0,8.05,AU,1595357890.0
svetlyy,51.26,61.95,60.8,67.0,40.0,13.42,RU,1595357890.0
am timan,11.19,21.02,77.59,73.0,16.0,1.66,TD,1595357891.0
hamilton,34.57,-67.76,93.0,62.0,40.0,3.36,US,1595357641.0
dangriga,17.04,-87.79,93.0,66.0,40.0,4.7,BZ,1595357891.0
karpathos,35.96,26.76,77.0,73.0,20.0,29.97,GR,1595357891.0
kodiak,40.57,-151.87,68.0,56.0,1.0,6.93,US,1595357597.0
ca mau,8.92,103.6,77.81,87.0,0.0,1.5,VN,1595357841.0
alyangula,-16.46,139.03,55.4,100.0,75.0,8.21,AU,1595357892.0
meridian,32.17,-87.99,90.0,27.0,1.0,4.7,US,1595357865.0
mocuba,-16.93,37.73,63.57,93.0,90.0,3.47,MZ,1595357893.0
kushiro,39.75,145.51,61.05,97.0,100.0,8.97,JP,1595357893.0
waipawa,-43.66,179.3,50.0,85.0,84.0,11.72,NZ,1595357893.0
camargo,-20.62,-65.4,87.93,30.0,26.0,7.49,MX,1595357893.0
teknaf,21.02,92.53,79.05,88.0,100.0,7.2,BD,1595357894.0
norman wells,82.83,-116.53,51.8,87.0,90.0,14.99,CA,1595357766.0
coahuayana,17.69,-104.29,82.4,74.0,40.0,6.49,MX,1595357894.0
sioux lookout,55.09,-91.92,69.8,64.0,90.0,5.82,CA,1595357895.0
broken hill,-30.97,141.72,39.2,86.0,100.0,3.36,AU,1595357895.0
ginda,15.06,39.52,59.88,72.0,0.0,4.56,IN,1595357895.0
malibu,33.76,-119.03,75.99,81.0,0.0,6.73,US,1595357763.0
valparaiso,-31.56,-77.89,55.99,100.0,75.0,10.29,CL,1595357895.0
makat,47.31,53.41,91.2,25.0,100.0,11.14,KZ,1595357896.0
el ocotito,17.3,-99.47,84.2,74.0,75.0,4.7,MX,1595357896.0
atambua,-9.27,125.62,67.19,88.0,100.0,5.64,ID,1595357896.0
axim,0.39,-2.12,76.1,89.0,66.0,8.48,GH,1595357896.0
tayirove,46.44,30.57,78.8,50.0,0.0,6.71,UA,1595357897.0
roald,68.32,3.57,53.6,71.0,75.0,6.93,NO,1595357898.0
lavumisa,-27.85,32.84,57.49,75.0,0.0,1.32,SZ,1595357898.0
deputatskiy,70.46,141.61,69.4,69.0,98.0,1.86,RU,1595357898.0
kindu,-2.01,24.62,75.11,50.0,1.0,0.76,CD,1595357898.0
provideniya,52.33,-175.87,46.69,78.0,95.0,3.53,RU,1595357899.0
lata,-6.51,169.91,87.01,38.0,76.0,1.99,PT,1595357899.0
eyl,6.41,51.49,81.37,60.0,0.0,24.9,SO,1595357899.0
palu,0.34,119.75,74.82,81.0,46.0,2.98,ID,1595357899.0
thinadhoo,0.5,68.69,84.42,74.0,99.0,8.63,MV,1595357606.0
bafra,43.11,36.6,75.2,69.0,75.0,9.17,TR,1595357899.0
srednekolymsk,70.22,155.19,69.87,38.0,41.0,14.85,RU,1595357900.0
barahona,17.02,-71.07,93.2,52.0,20.0,13.87,DO,1595357900.0
poum,-20.51,163.96,68.2,67.0,5.0,13.78,NC,1595357900.0
gigmoto,15.6,127.95,79.97,81.0,100.0,0.29,PH,1595357900.0
ngozi,-2.77,29.81,62.22,65.0,87.0,3.91,BI,1595357900.0
kapuskasing,50.4,-82.08,71.6,56.0,75.0,6.93,CA,1595357850.0
erzin,50.27,94.94,82.0,85.0,0.0,1.01,TR,1595357901.0
peetri,59.38,24.81,62.01,77.0,20.0,16.11,EE,1595357901.0
ketchikan,47.33,-137.19,59.0,82.0,75.0,12.75,US,1595357764.0
albox,37.39,-2.19,84.0,51.0,0.0,1.99,ES,1595357901.0
sarangani,3.74,125.92,83.91,73.0,35.0,5.77,PH,1595357902.0
hereford,34.29,-102.45,64.99,59.0,71.0,3.78,GB,1595357612.0
cortez,36.86,-109.8,89.6,22.0,1.0,5.82,US,1595357902.0
rabo de peixe,40.71,-24.58,69.8,73.0,40.0,9.17,PT,1595357902.0
havre,48.57,-110.76,66.2,55.0,0.0,16.11,FR,1595357902.0
husavik,70.17,-14.7,53.6,71.0,75.0,13.87,IS,1595357903.0
okha,54.5,144.27,50.79,91.0,100.0,12.24,RU,1595357903.0
lipin bor,60.87,38.45,60.85,96.0,100.0,9.6,RU,1595357903.0
ituacu,-13.81,-41.36,78.19,46.0,58.0,10.96,BR,1595357904.0
beitbridge,-22.16,29.99,60.64,49.0,0.0,9.17,ZW,1595357904.0
nome,60.53,-167.56,51.01,87.0,90.0,10.29,US,1595357905.0
qasigiannguit,66.8,-48.61,53.6,54.0,75.0,6.93,GL,1595357905.0
dubrovnik,41.66,18.13,75.2,64.0,0.0,10.29,HR,1595357730.0
lenine,45.08,35.98,73.56,72.0,0.0,1.14,UA,1595357905.0
picos,-6.85,-41.51,90.05,31.0,2.0,11.03,BR,1595357906.0
gao,17.32,-0.24,97.68,30.0,42.0,8.25,ML,1595357906.0
orodara,11.04,-5.22,84.2,70.0,20.0,3.36,BF,1595357906.0
coari,-4.11,-62.8,92.07,41.0,97.0,1.83,BR,1595357907.0
asfi,31.49,-9.54,71.65,79.0,0.0,12.08,MA,1595357907.0
ayaviri,-14.88,-70.46,61.5,20.0,0.0,5.03,PE,1595357907.0
songkhla,7.41,100.98,77.0,100.0,20.0,3.36,TH,1595357908.0
pangnirtung,62.17,-64.52,51.8,87.0,90.0,12.75,CA,1595357908.0
salalah,19.84,51.4,80.6,94.0,75.0,6.93,OM,1595357908.0
outjo,-20.48,16.07,58.21,33.0,0.0,9.01,NA,1595357908.0
yeppoon,-22.4,150.39,62.6,59.0,100.0,9.17,AU,1595357909.0
hofn,60.37,-13.55,52.97,77.0,100.0,15.57,IS,1595357909.0
trenggalek,-8.26,111.67,74.43,88.0,78.0,4.05,ID,1595357909.0
liberty,30.58,-94.79,90.0,78.0,75.0,5.44,US,1595357909.0
richards bay,-30.94,35.01,62.28,84.0,0.0,6.42,ZA,1595357910.0
rio cuarto,-33.34,-63.54,50.0,93.0,90.0,10.29,AR,1595357910.0
mayumba,-8.04,4.62,72.19,87.0,1.0,7.7,GA,1595357910.0
gobabis,-22.27,20.11,57.2,30.0,0.0,2.24,NA,1595357911.0
robertsport,2.68,-14.13,76.98,87.0,100.0,12.44,LR,1595357911.0
flin flon,61.96,-102.68,73.4,53.0,20.0,10.29,CA,1595357911.0
takoradi,-4.61,-0.66,76.05,90.0,96.0,9.44,GH,1595357912.0
karema,-6.12,30.38,69.96,64.0,5.0,2.59,TZ,1595357912.0
xuanhua,39.97,114.43,69.49,63.0,0.0,2.84,CN,1595357912.0
garowe,8.8,47.21,80.94,46.0,3.0,23.09,SO,1595357913.0
tonantins,-2.15,-67.23,92.68,42.0,67.0,2.82,BR,1595357913.0
kentau,44.17,68.52,81.46,17.0,85.0,7.7,KZ,1595357914.0
barela,23.21,80.34,79.29,81.0,99.0,4.56,IN,1595357914.0
tautira,-16.03,-146.19,78.8,74.0,20.0,5.82,PF,1595357914.0
akdepe,41.77,59.35,84.2,39.0,0.0,2.24,TM,1595357914.0
longyearbyen,74.83,18.22,50.0,71.0,75.0,5.82,SJ,1595357915.0
sibolga,1.7,98.58,75.9,85.0,100.0,3.91,ID,1595357865.0
hobyo,1.73,51.62,77.56,77.0,16.0,30.91,SO,1595357915.0
blackburn,53.98,-2.53,63.0,58.0,0.0,4.0,GB,1595357822.0
itoman,20.56,130.55,82.4,88.0,20.0,4.7,JP,1595357915.0
canchungo,11.93,-15.89,82.4,88.0,75.0,5.82,GW,1595357916.0
koroni,35.55,21.8,82.99,69.0,0.0,8.05,GR,1595357916.0
passagem franca,-6.15,-43.68,91.36,31.0,25.0,6.71,BR,1595357917.0
sladkovo,55.35,70.28,56.66,89.0,2.0,2.86,RU,1595357917.0
severobaykalsk,55.06,108.83,48.58,68.0,25.0,3.6,RU,1595357917.0
luderitz,-33.33,-0.82,73.4,35.0,0.0,10.29,NA,1595357917.0
pajapan,18.21,-94.58,91.4,63.0,40.0,3.36,MX,1595357917.0
marietta,34.02,-84.54,93.99,52.0,75.0,2.24,US,1595357873.0
derzhavinsk,49.88,64.62,68.52,68.0,90.0,11.34,KZ,1595357918.0
gat,25.27,8.87,81.0,72.0,0.0,2.08,IL,1595357821.0
leshukonskoye,66.46,47.05,62.64,70.0,0.0,5.91,RU,1595357918.0
kalmunai,6.32,85.25,81.3,80.0,100.0,11.45,LK,1595357919.0
gunjur,12.59,-19.76,78.8,94.0,75.0,5.82,GM,1595357919.0
mananara,-15.98,50.49,65.16,87.0,19.0,7.11,MG,1595357919.0
ivankiv,51.23,29.74,69.8,56.0,0.0,13.42,UA,1595357919.0
cabedelo,-5.17,-27.19,80.6,65.0,40.0,16.11,BR,1595357920.0
olafsvik,66.89,-29.78,50.16,70.0,100.0,3.49,IS,1595357825.0
haizhou,34.65,118.91,71.11,97.0,100.0,3.4,CN,1595357920.0
moose factory,50.67,-80.81,73.4,43.0,40.0,11.41,CA,1595357920.0
effingham,39.03,-88.67,93.2,52.0,40.0,10.29,US,1595357921.0
kalianget,-5.94,115.68,79.74,82.0,28.0,13.15,ID,1595357921.0
santa maria,18.87,-22.83,86.0,42.0,100.0,9.17,BR,1595357921.0
saint-augustin,57.94,-61.31,78.35,43.0,36.0,17.2,CA,1595357922.0
tapes,-31.92,-50.4,74.7,71.0,82.0,4.83,BR,1595357866.0
la ronge,65.38,-104.45,71.6,60.0,40.0,5.82,CA,1595357922.0
san juan,23.44,-66.21,56.64,46.0,30.0,9.82,AR,1595357922.0
aksu,40.09,78.87,78.71,30.0,100.0,13.71,CN,1595357923.0
naze,25.27,132.61,77.0,94.0,100.0,2.24,JP,1595357923.0
colquechaca,-18.31,-66.08,51.85,32.0,95.0,5.12,BO,1595357923.0
bilma,19.45,11.84,96.24,20.0,3.0,9.71,NE,1595357923.0
biltine,17.07,22.7,88.48,45.0,30.0,7.83,TD,1595357924.0
samarai,-16.56,154.94,75.92,82.0,100.0,16.55,PG,1595357924.0
nanortalik,49.65,-41.32,51.75,70.0,63.0,15.99,GL,1595357924.0
liku,-12.98,-175.47,74.64,84.0,79.0,2.93,ID,1595357925.0
zhezkazgan,47.41,69.28,72.82,53.0,4.0,6.85,KZ,1595357925.0
ziyang,30.07,104.73,75.81,88.0,27.0,3.56,CN,1595357925.0
pangkalanbuun,-2.42,110.01,74.17,97.0,61.0,2.21,ID,1595357925.0
la rioja,-28.73,-66.77,71.6,78.0,40.0,5.82,ES,1595357926.0
nan,18.76,100.59,73.53,92.0,100.0,0.25,TH,1595357926.0
vestmannaeyjar,60.83,-20.87,51.8,81.0,40.0,8.05,IS,1595357926.0
sao filipe,14.12,-30.74,78.04,75.0,100.0,6.35,CV,1595357926.0
gympie,-26.32,152.24,55.0,77.0,100.0,3.0,AU,1595357927.0
manzhouli,48.57,117.17,57.92,68.0,0.0,4.0,CN,1595357927.0
kelvington,52.49,-103.83,68.7,70.0,47.0,5.61,CA,1595357917.0
aleppo,35.6,37.5,79.0,57.0,0.0,19.48,SY,1595357927.0
ust-maya,60.29,133.82,58.86,57.0,100.0,11.99,RU,1595357928.0
natal,-1.53,-25.96,80.6,65.0,75.0,19.46,BR,1595357928.0
aswan,22.22,35.33,95.41,14.0,5.0,14.81,EG,1595357928.0
port macquarie,-33.29,160.79,48.0,87.0,49.0,8.57,AU,1595357928.0
flinders,-33.84,129.82,44.01,82.0,7.0,1.01,AU,1595357929.0
ostersund,62.13,15.3,50.0,76.0,75.0,17.22,SE,1595357929.0
severnyy,69.11,64.13,71.6,56.0,71.0,6.71,RU,1595357929.0
sindi,20.83,78.8,78.8,100.0,75.0,2.82,IN,1595357930.0
inhambane,-24.76,39.59,69.8,60.0,75.0,3.36,MZ,1595357930.0
ixtapa,3.92,-108.12,90.0,74.0,5.0,10.29,MX,1595357930.0
xuddur,4.96,45.65,74.1,73.0,9.0,22.48,SO,1595357931.0
miquelon,47.33,-56.17,64.4,93.0,75.0,16.11,PM,1595357931.0
chivilcoy,-34.77,-59.93,55.0,95.0,100.0,5.01,AR,1595357931.0
graaff-reinet,-32.17,24.73,61.0,22.0,0.0,1.01,ZA,1595357932.0
hay river,62.68,-118.5,69.8,68.0,75.0,11.41,CA,1595357932.0
chortomlyk,47.92,34.27,75.99,50.0,0.0,6.8,UA,1595357767.0
dhidhdhoo,8.04,71.83,83.01,74.0,100.0,17.9,MV,1595357932.0
guia de isora,28.07,-16.97,78.01,61.0,0.0,25.28,ES,1595357933.0
mount isa,-24.7,138.49,60.8,31.0,0.0,8.05,AU,1595357933.0
bambous virieux,-37.26,78.24,69.8,52.0,75.0,8.05,MU,1595357933.0
mitsamiouli,-7.97,45.2,77.0,65.0,20.0,5.82,KM,1595357934.0
tehri,30.3,78.49,70.52,68.0,9.0,4.29,IN,1595357934.0
luau,-9.76,22.94,64.67,36.0,0.0,3.6,AO,1595357934.0
bougouni,11.44,-7.73,80.22,71.0,73.0,0.43,ML,1595357934.0
canico,32.0,-16.65,75.2,69.0,20.0,13.87,PT,1595357935.0
port moresby,-10.36,145.68,73.4,94.0,20.0,11.41,PG,1595357723.0
westport,-37.3,167.08,91.99,43.0,40.0,8.05,US,1595357935.0
marawi,22.29,26.93,75.0,93.0,100.0,4.0,PH,1595357936.0
ahuimanu,34.27,-152.81,80.6,65.0,20.0,9.17,US,1595357936.0
kavaratti,8.45,70.68,82.72,78.0,100.0,11.74,IN,1595357936.0
turayf,32.27,37.93,91.4,22.0,0.0,16.11,SA,1595357936.0
atagay,55.18,99.18,56.93,93.0,25.0,1.59,RU,1595357936.0
lasa,29.17,92.41,64.0,77.0,75.0,5.82,IT,1595357696.0
meulaboh,-0.74,92.84,75.49,90.0,100.0,6.06,ID,1595357937.0
freeport,28.39,-95.03,91.99,41.0,1.0,13.87,US,1595357639.0
touros,0.33,-32.68,78.8,83.0,40.0,11.41,BR,1595357937.0
sokoni,-6.77,42.44,77.0,78.0,40.0,12.75,TZ,1595357938.0
nacala,-13.96,40.31,69.3,75.0,0.0,9.04,MZ,1595357938.0
laguna,-39.32,-36.95,79.0,50.0,1.0,9.17,US,1595357877.0
xichang,29.42,99.57,68.45,79.0,100.0,2.82,CN,1595357938.0
avera,-24.78,-153.75,95.0,50.0,1.0,10.29,US,1595357938.0
dukhovshchina,55.44,32.26,59.88,96.0,66.0,6.53,RU,1595357939.0
knysna,-36.74,23.07,60.8,48.0,0.0,4.7,ZA,1595357939.0
kontagora,10.2,5.18,76.5,84.0,5.0,2.59,NG,1595357939.0
ucluelet,48.34,-125.56,60.01,93.0,75.0,5.82,CA,1595357939.0
goderich,2.77,-19.92,78.01,70.0,2.0,7.72,CA,1595357661.0
ravar,31.43,58.35,81.3,15.0,0.0,5.93,IR,1595357940.0
jina,45.57,23.73,69.8,73.0,0.0,4.7,RO,1595357941.0
oyten,53.06,8.98,63.0,63.0,40.0,8.05,DE,1595357941.0
antofagasta,-23.8,-69.6,59.0,77.0,75.0,11.41,CL,1595357941.0
camana,-18.71,-74.54,63.41,67.0,32.0,8.37,PE,1595357942.0
lompoc,28.98,-128.53,63.0,82.0,80.0,8.05,US,1595357937.0
santa fe,21.92,-82.42,66.99,72.0,100.0,1.99,AR,1595357700.0
kang,-22.7,23.1,52.95,39.0,0.0,3.53,BW,1595357942.0
dingle,51.32,-15.51,76.01,89.0,90.0,3.44,PH,1595357942.0
ostringen,49.16,8.75,75.0,42.0,0.0,6.15,DE,1595357943.0
belaya gora,67.13,148.56,70.61,53.0,61.0,2.75,RU,1595357943.0
yarada,16.17,84.76,84.2,83.0,40.0,6.93,IN,1595357943.0
iluppur,10.32,78.51,82.4,78.0,20.0,6.93,IN,1595357943.0
verkhnyaya inta,66.58,61.84,59.88,72.0,0.0,7.07,RU,1595357944.0
fare,-11.94,-148.39,77.54,81.0,22.0,25.26,PF,1595357944.0
faanui,-9.56,-152.44,77.32,83.0,73.0,25.14,PF,1595357701.0
burgstadt,50.86,12.83,66.0,53.0,5.0,1.01,DE,1595357944.0
omboue,-3.5,4.83,74.01,87.0,100.0,8.66,GA,1595357945.0
young,-34.56,148.31,71.01,77.0,100.0,1.99,UY,1595357945.0
cosamaloapan,18.33,-95.63,89.01,61.0,100.0,3.36,MX,1595357655.0
bakchar,57.0,81.55,54.34,83.0,2.0,5.79,RU,1595357945.0
banamba,13.75,-6.99,87.8,51.0,23.0,5.95,ML,1595357945.0
brasilia,-15.52,-48.11,78.8,36.0,0.0,10.29,BR,1595357837.0
porto novo,14.09,-39.2,77.0,94.0,20.0,11.41,BJ,1595357702.0
sechura,-11.85,-89.28,73.33,57.0,99.0,14.0,PE,1595357946.0
vrable,48.31,18.33,77.0,73.0,0.0,1.86,SK,1595357946.0
steamboat springs,41.06,-107.08,77.0,25.0,1.0,6.93,US,1595357749.0
alofi,-17.96,-171.62,71.6,100.0,100.0,4.7,NU,1595357947.0
fukue,31.1,126.28,78.73,91.0,98.0,8.08,JP,1595357947.0
omsukchan,64.43,155.96,56.39,55.0,0.0,5.23,RU,1595357947.0
mahibadhoo,4.62,67.46,83.8,75.0,100.0,13.89,MV,1595357948.0
virginia beach,35.59,-74.03,98.01,47.0,20.0,10.29,US,1595357115.0
belmonte,-16.75,-35.1,77.0,57.0,40.0,8.05,BR,1595357948.0
tawang,27.96,92.09,58.06,79.0,100.0,1.19,IN,1595357949.0
qorveh,35.4,47.61,75.24,18.0,0.0,15.03,IR,1595357880.0
shache,36.6,80.28,78.55,22.0,100.0,12.64,CN,1595357949.0
gravdal,67.9,13.12,53.6,81.0,40.0,8.05,NO,1595357949.0
jurado,6.3,-78.69,79.93,81.0,100.0,7.05,CO,1595357949.0
espanola,46.21,-82.0,82.4,24.0,1.0,10.29,US,1595357950.0
caluquembe,-13.48,14.79,55.67,39.0,1.0,3.65,AO,1595357950.0
buta,2.38,25.78,74.48,77.0,100.0,2.01,CD,1595357704.0
mazatlan,22.86,-107.09,89.6,59.0,40.0,8.05,MX,1595357951.0
yumen,39.07,95.45,74.68,26.0,100.0,6.78,CN,1595357951.0
abha,18.67,40.94,66.2,88.0,79.0,4.7,SA,1595357951.0
praia da vitoria,42.03,-26.1,77.0,61.0,20.0,4.38,PT,1595357951.0
aguascalientes,21.69,-102.43,77.0,36.0,20.0,9.17,MX,1595357952.0
male,4.88,76.59,82.4,78.0,75.0,13.87,MV,1595357952.0
saint-paul,-20.83,53.53,66.2,68.0,90.0,19.46,RE,1595357952.0
konstantinovskaya,44.77,40.77,69.8,73.0,90.0,8.95,RU,1595357953.0
bilibino,71.96,164.44,64.94,36.0,100.0,0.65,RU,1595357953.0
ingham,-18.43,145.64,80.6,54.0,75.0,5.82,US,1595357953.0
xining,33.18,98.68,54.28,71.0,2.0,2.51,CN,1595357953.0
tripoli,32.85,13.23,78.21,72.0,0.0,12.44,LY,1595357728.0
port-cartier,49.73,-67.55,77.0,36.0,40.0,14.99,CA,1595357954.0
santana do livramento,-30.44,-55.67,69.4,83.0,100.0,6.08,BR,1595357954.0
tamiahua,21.67,-97.21,87.98,60.0,100.0,10.56,MX,1595357954.0
abay,48.41,73.98,57.2,93.0,98.0,4.47,KZ,1595357955.0
nuuk,64.64,-49.07,55.4,66.0,75.0,11.41,GL,1595357955.0
willmar,44.77,-95.25,73.4,73.0,90.0,9.17,US,1595357908.0
belyy yar,60.09,87.17,62.6,93.0,100.0,2.24,RU,1595357955.0
posse,-14.78,-46.28,82.71,32.0,0.0,8.79,BR,1595357956.0
nago,28.82,126.86,78.8,94.0,1.0,3.36,JP,1595357956.0
biak,2.71,136.61,76.14,83.0,25.0,6.73,ID,1595357956.0
san pedro,-25.08,-64.16,77.0,88.0,100.0,2.24,PH,1595357957.0
oranjestad,12.94,-71.36,89.6,66.0,40.0,21.92,AW,1595357957.0
maroantsetra,-15.78,49.55,68.59,82.0,94.0,10.2,MG,1595357957.0
micheweni,-5.33,43.52,76.69,74.0,50.0,17.76,TZ,1595357957.0
dakar,15.0,-18.37,78.8,94.0,75.0,6.93,SN,1595357958.0
mangrul pir,20.2,77.49,78.4,84.0,98.0,3.6,IN,1595357958.0
terrace,57.08,-128.34,66.2,77.0,75.0,10.29,CA,1595357958.0
sabha,24.68,18.09,89.49,16.0,0.0,17.65,LY,1595357958.0
liberal,37.39,-100.91,82.4,54.0,20.0,6.93,US,1595357837.0
paducah,37.33,-88.25,90.0,62.0,20.0,6.93,US,1595357959.0
sarany,58.79,58.76,55.13,88.0,80.0,5.26,RU,1595357959.0
kuching,2.34,110.13,77.0,94.0,20.0,2.24,MY,1595357959.0
enkoping,59.59,16.83,60.8,67.0,100.0,9.17,SE,1595357959.0
saint anthony,52.61,-54.92,75.99,69.0,40.0,4.7,US,1595357959.0
paamiut,59.03,-49.69,47.57,81.0,82.0,11.3,GL,1595357960.0
mizdah,29.96,13.64,77.59,51.0,0.0,20.15,LY,1595357960.0
shamary,57.52,58.22,60.8,79.0,61.0,9.26,RU,1595357960.0
la paz,25.05,-110.23,64.4,10.0,20.0,4.7,BO,1595357882.0
katsuura,19.31,152.5,77.0,91.0,100.0,1.99,JP,1595357961.0
saravena,6.84,-71.73,82.81,81.0,95.0,2.8,CO,1595357961.0
talagang,33.13,72.46,84.61,54.0,97.0,5.79,PK,1595357688.0
awbari,27.54,11.35,89.82,19.0,0.0,7.38,LY,1595357962.0
mamakan,57.47,113.59,51.76,82.0,95.0,3.91,RU,1595357962.0
golynki,55.06,31.38,60.04,94.0,64.0,8.57,RU,1595357962.0
rawson,-48.51,-59.07,44.19,73.0,100.0,20.36,AR,1595357962.0
sao francisco,-15.64,-45.14,85.89,31.0,20.0,6.98,BR,1595357962.0
kunashak,55.74,61.55,60.8,82.0,20.0,4.47,RU,1595357963.0
chontalpa,17.74,-93.64,88.07,67.0,91.0,5.03,MX,1595357963.0
karlovac,45.34,15.68,73.0,83.0,0.0,0.96,HR,1595357963.0
sanchazi,42.0,126.63,63.43,66.0,98.0,1.25,CN,1595357963.0
hemnesberget,66.33,13.68,55.4,71.0,75.0,6.93,NO,1595357964.0
mendoza,-32.58,-68.86,51.8,66.0,75.0,9.17,AR,1595357964.0
vostok,48.89,152.54,56.3,100.0,0.0,1.48,RU,1595357964.0
talakan,50.61,130.77,56.91,77.0,0.0,4.21,RU,1595357964.0
brive-la-gaillarde,45.33,1.51,90.0,63.0,0.0,2.21,FR,1595357965.0
rajula,20.6,71.65,83.39,79.0,63.0,8.12,IN,1595357965.0
qujing,25.04,103.73,59.95,93.0,100.0,7.49,CN,1595357965.0
labuan,7.94,113.04,77.0,94.0,75.0,2.24,MY,1595357965.0
dunkirk,51.41,2.14,63.0,55.0,0.0,9.17,FR,1595357966.0
baruun-urt,45.34,115.94,62.82,63.0,0.0,7.27,MN,1595357966.0
tkibuli,42.27,43.03,71.6,94.0,90.0,5.82,GE,1595357966.0
pokosnoye,55.19,100.73,55.83,75.0,99.0,5.61,RU,1595357966.0
